frame,Unnamed: 0,objIndex,x,y,pnX,pnY,frame,particle,mass
0,2,2.0,343.48997493734333,251.61779448621556,,,0,0,798.0
0,3,3.0,336.94666666666666,335.8060606060606,,,0,1,825.0
1,6,6.0,342.515923566879,247.78598726114652,,,1,0,785.0
1,7,7.0,336.3689440993789,340.3217391304348,,,1,1,805.0
2,10,10.0,341.29064039408865,243.97906403940883,,,2,0,812.0
2,11,11.0,335.73147023086267,344.9185905224787,,,2,1,823.0
3,14,14.0,340.4776674937965,240.28163771712158,,,3,0,806.0
3,15,15.0,335.0024509803921,349.4816176470588,,,3,1,816.0
4,18,18.0,339.7012658227848,236.70759493670886,,,4,0,790.0
4,19,19.0,334.23020706455543,354.0,,,4,1,821.0
5,22,22.0,338.8690773067332,232.73441396508727,,,5,0,802.0
5,23,23.0,333.3169533169533,358.56633906633914,,,5,1,814.0
6,27,27.0,337.55849056603773,228.62767295597484,,,6,0,795.0
6,28,28.0,332.3353884093712,363.4512946979039,,,6,1,811.0
7,32,32.0,331.45700245700243,368.07493857493864,,,7,1,814.0
7,31,31.0,336.425902864259,225.0909090909091,,,7,0,803.0
8,35,35.0,334.66207759699626,221.21276595744683,,,8,0,799.0
8,36,36.0,330.1605392156863,372.6188725490196,,,8,1,816.0
9,39,39.0,332.991239048811,217.62953692115144,,,9,0,799.0
9,40,40.0,329.16808769792937,377.0292326431181,,,9,1,821.0
10,43,43.0,331.43358395989975,214.20927318295742,,,10,0,798.0
10,44,44.0,328.14565483476133,380.65605875153,,,10,1,817.0
11,48,48.0,326.99149453219934,384.98906439854187,,,11,1,823.0
11,47,47.0,329.6297709923664,210.6882951653944,,,11,0,786.0
12,51,51.0,328.12833545108003,207.55146124523503,,,12,0,787.0
12,52,52.0,325.8733087330874,389.3407134071341,,,12,1,813.0
13,56,56.0,326.54602774274906,203.58511979823456,,,13,0,793.0
13,57,57.0,324.0328068043742,394.08991494532205,,,13,1,823.0
14,61,61.0,322.8130381303813,398.42927429274295,,,14,1,813.0
14,60,60.0,325.26474278544543,200.1969887076537,,,14,0,797.0
15,65,65.0,321.1549815498155,402.7011070110701,,,15,1,813.0
15,64,64.0,323.78305519897305,196.53658536585363,,,15,0,779.0
16,68,68.0,322.2616352201258,192.63773584905658,,,16,0,795.0
16,69,69.0,319.4134969325153,407.3472392638037,,,16,1,815.0
17,72,72.0,320.6166666666667,189.3423076923077,,,17,0,780.0
17,73,73.0,317.9242053789731,411.59902200489,,,17,1,818.0
18,76,76.0,318.8665803108808,186.00259067357518,,,18,0,772.0
18,77,77.0,316.2647783251232,415.6773399014778,,,18,1,812.0
19,80,80.0,316.8849104859335,182.37723785166241,,,19,0,782.0
19,81,81.0,314.42475728155335,420.115291262136,,,19,1,824.0
20,84,84.0,314.91354838709685,179.40129032258065,,,20,0,775.0
20,85,85.0,313.06601466992663,424.00977995110026,,,20,1,818.0
21,88,88.0,312.7432258064516,175.9316129032258,,,21,0,775.0
21,89,89.0,311.23710073710066,428.4287469287469,,,21,1,814.0
22,92,92.0,310.66279069767444,172.93669250645993,,,22,0,774.0
22,93,93.0,309.35467980295573,432.46798029556646,,,22,1,812.0
23,97,97.0,307.63035495716036,436.5128518971848,,,23,1,817.0
23,96,96.0,308.5259067357513,169.94689119170985,,,23,0,772.0
24,100,100.0,305.99475753604196,166.99868938401048,,,24,0,763.0
24,101,101.0,305.920987654321,440.59876543209884,,,24,1,810.0
25,104,104.0,303.45677419354837,163.97677419354838,,,25,0,775.0
25,105,105.0,304.0233128834356,444.56073619631894,,,25,1,815.0
26,109,109.0,300.68965517241384,161.26692209450832,,,26,0,783.0
26,110,110.0,302.12546125461256,448.4907749077491,,,26,1,813.0
27,114,114.0,297.926735218509,159.19922879177378,,,27,0,778.0
27,115,115.0,300.24691358024694,452.33209876543214,,,27,1,810.0
28,118,118.0,294.95876288659787,157.3311855670103,,,28,0,776.0
28,120,120.0,298.40221402214024,455.769987699877,,,28,1,813.0
29,124,124.0,296.2851941747573,460.00728155339806,,,29,1,824.0
29,123,123.0,291.57033248081837,155.69693094629156,,,29,0,782.0
30,129,129.0,294.2059186189889,464.3020961775586,,,30,1,811.0
30,127,127.0,288.0369393139842,154.64775725593668,,,30,0,758.0
31,132,132.0,284.03457106274016,153.97311139564658,,,31,0,781.0
31,133,133.0,292.2059186189889,468.3020961775586,,,31,1,811.0
32,136,136.0,280.2198221092757,153.70775095298603,,,32,0,787.0
32,137,137.0,290.10243902439026,471.9451219512195,,,32,1,820.0
33,142,142.0,287.98024691358023,476.2555555555555,,,33,1,810.0
33,140,140.0,275.90673575129534,153.95466321243524,,,33,0,772.0
34,146,146.0,271.90051679586566,154.65503875968992,,,34,0,774.0
34,147,147.0,285.58795180722893,480.05421686746985,,,34,1,830.0
35,151,151.0,268.30946291560105,155.57161125319692,,,35,0,782.0
35,152,152.0,283.43226600985224,483.6502463054187,,,35,1,812.0
36,156,156.0,281.34938271604943,487.52962962962965,,,36,1,810.0
36,155,155.0,264.40750323415267,156.97283311772316,,,36,0,773.0
37,160,160.0,279.2193308550186,491.3197026022305,,,37,1,807.0
37,159,159.0,260.9597924773022,158.3722438391699,,,37,0,771.0
38,163,163.0,257.6312335958005,160.38713910761157,,,38,0,762.0
38,165,165.0,276.55665024630537,495.39655172413785,,,38,1,812.0
39,168,168.0,254.56440903054448,162.06108897742362,,,39,0,753.0
39,169,169.0,274.2966625463535,498.71322620519163,,,39,1,809.0
40,172,172.0,251.0039267015707,164.2303664921466,,,40,0,764.0
40,173,173.0,271.95437731196057,502.54623921085084,,,40,1,811.0
41,177,177.0,248.0826771653544,166.49081364829397,,,41,0,762.0
41,178,178.0,269.3659730722154,505.9277845777234,,,41,1,817.0
42,181,181.0,245.47668393782382,168.67227979274608,,,42,0,772.0
42,182,182.0,267.3589743589744,508.86813186813197,,,42,1,819.0
43,185,185.0,242.76078431372548,170.70196078431368,,,43,0,765.0
43,186,186.0,265.25612745098044,511.7683823529412,,,43,1,816.0
44,190,190.0,262.4207240948814,515.2634207240949,,,44,1,801.0
44,189,189.0,240.81304347826088,174.4753623188406,,,44,0,690.0
45,193,193.0,238.97771173848443,177.01931649331348,,,45,0,673.0
45,194,194.0,259.8739290085679,518.7992656058751,,,45,1,817.0
46,198,198.0,237.0391304347826,179.64202898550724,,,46,0,690.0
46,199,199.0,257.73037974683547,521.213924050633,,,46,1,790.0
47,202,202.0,235.3766617429837,182.78434268833087,,,47,0,677.0
47,203,203.0,255.0857142857143,524.2372670807454,,,47,1,805.0
48,207,207.0,233.86297376093293,185.8877551020408,,,48,0,686.0
48,208,208.0,252.03803680981602,527.6822085889571,,,48,1,815.0
49,211,211.0,232.3858615611193,189.22680412371133,,,49,0,679.0
49,212,212.0,248.66332916145183,530.956195244055,,,49,1,799.0
50,215,215.0,231.31864904552128,192.23935389133624,,,50,0,681.0
50,216,216.0,245.53990024937656,533.9526184538653,,,50,1,802.0
51,220,220.0,242.65336658354119,536.7643391521196,,,51,1,802.0
51,219,219.0,230.77095808383237,195.40568862275452,,,51,0,668.0
52,223,223.0,230.08857142857144,199.00571428571428,,,52,0,700.0
52,224,224.0,240.4857496902107,539.819083023544,,,52,1,807.0
53,227,227.0,229.60857142857142,201.97714285714287,,,53,0,700.0
53,228,228.0,240.22670025188918,541.492443324937,,,53,1,794.0
54,231,231.0,229.22406639004151,205.66390041493776,,,54,0,723.0
54,232,232.0,240.20822942643392,543.8503740648379,,,54,1,802.0
55,235,235.0,229.49232914923286,208.77266387726638,,,55,0,717.0
55,236,236.0,241.25375,545.725,,,55,1,800.0
56,240,240.0,232.8992537313433,211.1548507462686,,,56,0,536.0
56,241,241.0,242.86845466155808,547.5836526181354,,,56,1,783.0
57,244,244.0,232.26494023904385,213.77091633466136,,,57,0,502.0
57,245,245.0,245.25205479452052,547.9630136986301,,,57,1,730.0
58,248,248.0,231.2063492063492,214.73412698412702,,,58,0,504.0
58,249,249.0,246.9492119089317,546.0472854640981,,,58,1,571.0
59,253,253.0,247.75717439293598,544.6335540838852,,,59,1,453.0
59,252,252.0,231.01394422310761,214.74701195219123,,,59,0,502.0
60,256,256.0,225.30562659846547,214.0434782608696,,,60,0,782.0
60,257,257.0,249.40100250626568,543.1428571428571,,,60,1,399.0
61,260,260.0,223.931129476584,216.64325068870517,,,61,0,726.0
61,261,261.0,249.67045454545453,540.7784090909091,,,61,1,352.0
62,265,265.0,222.36901763224185,218.53274559193954,,,62,0,794.0
62,266,266.0,253.68586387434559,541.6492146596859,,,62,1,764.0
63,269,269.0,221.52257181942542,221.6826265389877,,,63,0,731.0
63,270,270.0,253.34933333333333,538.928,,,63,1,750.0
64,274,274.0,220.51092896174862,224.23224043715848,,,64,0,732.0
64,275,275.0,253.407022106632,535.5461638491547,,,64,1,769.0
65,278,278.0,219.618724559023,227.2333785617368,,,65,0,737.0
65,279,279.0,254.6758530183727,531.8451443569553,,,65,1,762.0
66,284,284.0,255.90414507772027,527.5323834196892,,,66,1,772.0
66,283,283.0,219.2783357245337,230.0444763271162,,,66,0,697.0
67,287,287.0,218.9918144611187,232.40654843110505,,,67,0,733.0
67,288,288.0,257.3684895833333,523.3333333333334,,,67,1,768.0
68,291,291.0,218.55524861878453,235.3977900552486,,,68,0,724.0
68,292,292.0,256.74709677419355,520.5574193548388,,,68,1,775.0
69,295,295.0,218.58644536652835,238.3623789764869,,,69,0,723.0
69,296,296.0,257.7284427284427,516.3989703989704,,,69,1,777.0
70,299,299.0,218.94157608695653,241.1725543478261,,,70,0,736.0
70,300,300.0,258.6869340232859,512.6675291073739,,,70,1,773.0
71,303,303.0,219.2895805142084,244.24763193504737,,,71,0,739.0
71,304,304.0,260.5516339869281,507.84052287581704,,,71,1,765.0
72,307,307.0,220.10190217391303,247.03804347826087,,,72,0,736.0
72,308,308.0,262.4890038809832,503.1474773609314,,,72,1,773.0
73,311,311.0,221.06925207756237,249.63850415512462,,,73,0,722.0
73,312,312.0,263.7404092071611,499.3209718670077,,,73,1,782.0
74,316,316.0,265.5556994818653,495.5751295336788,,,74,1,772.0
74,315,315.0,221.7219178082192,251.9575342465753,,,74,0,730.0
75,319,319.0,223.15342465753426,254.77945205479446,,,75,0,730.0
75,320,320.0,267.2873563218391,491.41251596424,,,75,1,783.0
76,323,323.0,224.28513513513516,257.1054054054054,,,76,0,740.0
76,324,324.0,268.94080604534,487.2997481108312,,,76,1,794.0
77,327,327.0,226.18934081346424,259.7335203366058,,,77,0,713.0
77,328,328.0,270.7192307692308,483.2435897435897,,,77,1,780.0
78,331,331.0,228.32271468144043,262.23961218836564,,,78,0,722.0
78,332,332.0,272.72222222222223,478.6782945736433,,,78,1,774.0
79,335,335.0,230.36805555555557,264.37777777777785,,,79,0,720.0
79,336,336.0,274.70557717250324,474.60311284046685,,,79,1,771.0
80,339,339.0,233.23901098901095,266.978021978022,,,80,0,728.0
80,340,340.0,276.84293193717275,470.0,,,80,1,764.0
81,343,343.0,235.87234042553192,269.12482269503545,,,81,0,705.0
81,344,344.0,278.79205298013244,465.81324503311265,,,81,1,755.0
82,348,348.0,280.8786666666667,461.776,,,82,1,750.0
82,347,347.0,238.29931972789115,270.98367346938784,,,82,0,735.0
83,351,351.0,241.92765957446807,272.9063829787234,,,83,0,705.0
83,352,352.0,282.80848329048837,457.23136246786635,,,83,1,778.0
84,355,355.0,244.82485875706212,274.31073446327684,,,84,0,708.0
84,356,356.0,285.34330299089726,452.80754226267885,,,84,1,769.0
85,359,359.0,247.8323943661972,275.90704225352107,,,85,0,710.0
85,360,360.0,287.8541392904074,448.3863337713535,,,85,1,761.0
86,363,363.0,250.6032608695652,276.7934782608696,,,86,0,736.0
86,364,364.0,289.98162729658793,444.35564304461934,,,86,1,762.0
87,367,367.0,253.90266666666668,277.8586666666667,,,87,0,750.0
87,368,368.0,292.3375959079284,440.4130434782609,,,87,1,782.0
88,371,371.0,256.9303547963206,278.66754270696447,,,88,0,761.0
88,372,372.0,294.8500651890482,436.3494132985658,,,88,1,767.0
89,375,375.0,260.1747700394218,279.5072273324573,,,89,0,761.0
89,376,376.0,297.3192848020434,432.22477650063865,,,89,1,783.0
90,380,380.0,300.17407878017787,427.5870393900889,,,90,1,787.0
90,379,379.0,264.54619565217394,279.7853260869565,,,90,0,736.0
91,384,384.0,302.79438058748406,423.5389527458493,,,91,1,783.0
91,383,383.0,267.7924281984334,279.86814621409917,,,91,0,766.0
92,387,387.0,271.09428950863213,280.0637450199203,,,92,0,753.0
92,388,388.0,305.1507537688442,420.15452261306535,,,92,1,796.0
93,391,391.0,274.57818659658346,280.04336399474374,,,93,0,761.0
93,392,392.0,307.6675094816688,416.34892541087237,,,93,1,791.0
94,395,395.0,277.9631093544137,280.07509881422925,,,94,0,759.0
94,396,396.0,310.18881987577635,412.47950310559014,,,94,1,805.0
95,400,400.0,281.6794871794872,279.67051282051284,,,95,0,780.0
95,401,401.0,312.9875621890547,408.7114427860697,,,95,1,804.0
96,404,404.0,285.34023285899093,279.52652005174645,,,96,0,773.0
96,405,405.0,315.51116625310175,405.105459057072,,,96,1,806.0
97,408,408.0,288.81864623243933,278.9284802043423,,,97,0,783.0
97,409,409.0,318.4789603960396,401.1212871287128,,,97,1,808.0
98,412,412.0,292.65128205128207,278.5692307692308,,,98,0,780.0
98,413,413.0,321.17364532019707,397.45073891625617,,,98,1,812.0
99,417,417.0,324.13759213759215,393.5073710073711,,,99,1,814.0
99,416,416.0,296.607329842932,277.85078534031413,,,99,0,764.0
100,420,420.0,299.41951837769335,276.7528517110266,,,100,0,789.0
100,421,421.0,326.8138686131387,390.10097323600974,,,100,1,822.0
101,424,424.0,303.55654383735697,275.50571791613726,,,101,0,787.0
101,425,425.0,330.0798065296252,385.9697702539299,,,101,1,827.0
102,428,428.0,306.50563204005005,274.314142678348,,,102,0,799.0
102,429,429.0,333.0652173913044,382.31280193236717,,,102,1,828.0
103,432,432.0,309.7191697191697,272.5360195360195,,,103,0,819.0
103,433,433.0,336.22071516646116,378.52774352651045,,,103,1,811.0
104,436,436.0,312.50618811881185,271.31435643564356,,,104,0,808.0
104,437,437.0,339.14896214896214,375.0708180708181,,,104,1,819.0
105,440,440.0,315.3201483312732,270.05067985166875,,,105,0,809.0
105,441,441.0,342.2064276885044,371.72558714462303,,,105,1,809.0
106,444,444.0,318.41336633663366,268.46039603960395,,,106,0,808.0
106,445,445.0,345.5673671199011,368.0716934487021,,,106,1,809.0
107,449,449.0,348.6695869837297,364.72966207759697,,,107,1,799.0
107,448,448.0,321.40594059405936,267.2821782178218,,,107,0,808.0
108,452,452.0,324.36633663366337,265.93811881188117,,,108,0,808.0
108,453,453.0,352.1079754601227,361.24171779141096,,,108,1,815.0
109,456,456.0,327.0501835985312,264.98898408812727,,,109,0,817.0
109,457,457.0,355.14705882352933,358.1188725490196,,,109,1,816.0
110,460,460.0,330.44430693069313,263.4938118811881,,,110,0,808.0
110,461,461.0,358.54020100502515,354.76005025125636,,,110,1,796.0
111,464,464.0,333.565,262.3475,,,111,0,800.0
111,465,465.0,361.4930817610063,351.69182389937106,,,111,1,795.0
112,468,468.0,337.12926829268287,261.18536585365854,,,112,0,820.0
112,469,469.0,364.665,348.62375,,,112,1,800.0
113,472,472.0,340.55515151515146,259.67636363636365,,,113,0,825.0
113,473,473.0,367.63840399002487,345.7506234413965,,,113,1,802.0
114,476,476.0,344.1263537906138,257.78820697954274,,,114,0,831.0
114,477,477.0,371.0160692212608,342.7268232385661,,,114,1,809.0
115,481,481.0,374.05583126550863,339.84615384615387,,,115,1,806.0
115,480,480.0,347.52788104089217,256.1734820322181,,,115,0,807.0
116,484,484.0,350.77723378212977,254.2399020807834,,,116,0,817.0
116,485,485.0,377.0611995104039,337.0342717258262,,,116,1,817.0
117,488,488.0,354.03874092009687,252.27481840193704,,,117,0,826.0
117,489,489.0,380.0695970695971,334.4688644688645,,,117,1,819.0
118,492,492.0,357.2467065868264,249.90059880239517,,,118,0,835.0
118,493,493.0,383.24231242312425,331.62607626076266,,,118,1,813.0
119,496,496.0,360.45745992601724,247.41060419235512,,,119,0,811.0
119,497,497.0,386.5531914893617,328.70713391739673,,,119,1,799.0
120,500,500.0,363.0319018404908,245.040490797546,,,120,0,815.0
120,501,501.0,389.54296388542963,326.24657534246575,,,120,1,803.0
121,504,504.0,365.61481481481485,242.33209876543208,,,121,0,810.0
121,505,505.0,393.08550185873605,323.5625774473358,,,121,1,807.0
122,508,508.0,368.4034653465346,240.24257425742573,,,122,0,808.0
122,509,509.0,396.1742331288344,321.0613496932516,,,122,1,815.0
123,513,513.0,399.6050314465409,318.58364779874216,,,123,1,795.0
123,512,512.0,371.3600493218249,237.28606658446358,,,123,0,811.0
124,518,518.0,402.81695331695335,316.3058968058968,,,124,1,814.0
124,517,517.0,373.70967741935476,234.63523573200996,,,124,0,806.0
125,521,521.0,376.498150431566,232.16646115906292,,,125,0,811.0
125,522,522.0,406.11235955056185,313.8789013732834,,,125,1,801.0
126,526,526.0,378.9489671931957,229.87484811664643,,,126,0,823.0
126,527,527.0,409.55345911949684,311.65157232704405,,,126,1,795.0
127,530,530.0,381.6637717121588,227.61042183622828,,,127,0,806.0
127,531,531.0,412.854296388543,309.5927770859277,,,127,1,803.0
128,535,535.0,384.6002490660025,225.3823163138232,,,128,0,803.0
128,536,536.0,416.18114143920593,307.3411910669975,,,128,1,806.0
129,539,539.0,387.540675844806,222.52941176470588,,,129,0,799.0
129,540,540.0,419.9348093480935,305.2533825338253,,,129,1,813.0
130,543,543.0,390.3746898263028,220.0372208436725,,,130,0,806.0
130,544,544.0,424.06411837237977,303.0826140567201,,,130,1,811.0
131,548,548.0,427.50563204005005,301.2490613266583,,,131,1,799.0
131,547,547.0,392.5896168108776,217.40667490729297,,,131,0,809.0
132,551,551.0,395.3711083437111,214.20547945205482,,,132,0,803.0
132,552,552.0,431.5568039950063,299.2197253433209,,,132,1,801.0
133,556,556.0,397.45714285714286,211.2149068322981,,,133,0,805.0
133,557,557.0,435.39064475347664,297.6232616940582,,,133,1,791.0
134,560,560.0,399.5138539042821,207.67758186397984,,,134,0,794.0
134,561,561.0,439.0025157232705,295.8830188679245,,,134,1,795.0
135,564,564.0,401.3379224030037,204.5644555694618,,,135,0,799.0
135,565,565.0,442.43362831858406,294.53097345132744,,,135,1,791.0
136,569,569.0,402.7900763358778,201.44910941475825,,,136,0,786.0
136,570,570.0,446.31,293.01375,,,136,1,800.0
137,573,573.0,404.5471698113208,198.44905660377358,,,137,0,795.0
137,574,574.0,449.9524405506884,291.60075093867334,,,137,1,799.0
138,578,578.0,454.34760705289665,290.15491183879095,,,138,1,794.0
138,577,577.0,406.35994930291514,194.8098859315589,,,138,0,789.0
139,581,581.0,407.4961538461538,191.88076923076923,,,139,0,780.0
139,582,582.0,458.2144670050761,288.65609137055833,,,139,1,788.0
140,587,587.0,408.8692893401016,188.82106598984768,,,140,0,788.0
140,588,588.0,461.54140127388536,287.5401273885351,,,140,1,785.0
141,592,592.0,409.95316455696195,185.00506329113927,,,141,0,790.0
141,593,593.0,465.51518987341774,286.1101265822785,,,141,1,790.0
142,596,596.0,411.11181702668364,181.76111817026683,,,142,0,787.0
142,597,597.0,469.42405063291136,284.64810126582285,,,142,1,790.0
143,600,600.0,411.87234042553183,178.2828535669587,,,143,0,799.0
143,601,601.0,472.9558080808081,283.6136363636364,,,143,1,792.0
144,605,605.0,476.8558786346397,282.4905183312262,,,144,1,791.0
144,604,604.0,412.5195460277428,174.32408575031525,,,144,0,793.0
145,609,609.0,413.25634517766497,170.58375634517768,,,145,0,788.0
145,610,610.0,480.4904458598726,281.4407643312102,,,145,1,785.0
146,614,614.0,413.4342431761786,167.2059553349876,,,146,0,806.0
146,615,615.0,483.4891443167305,280.4738186462324,,,146,1,783.0
147,618,618.0,413.54192740926163,163.29036295369212,,,147,0,799.0
147,619,619.0,487.18686868686865,279.0138888888889,,,147,1,792.0
148,622,622.0,413.57721518987336,159.64177215189872,,,148,0,790.0
148,623,623.0,490.55441741357237,278.1856594110115,,,148,1,781.0
149,626,626.0,413.3864795918368,155.80229591836738,,,149,0,784.0
149,627,627.0,494.60975609756105,276.91142490372266,,,149,1,779.0
150,630,630.0,412.95038167938935,152.34605597964378,,,150,0,786.0
150,631,631.0,498.2233632862643,276.2991014120668,,,150,1,779.0
151,634,634.0,412.19391634980985,148.35994930291508,,,151,0,789.0
151,635,635.0,502.45966709346993,275.4750320102433,,,151,1,781.0
152,639,639.0,506.3556701030928,274.7860824742268,,,152,1,776.0
152,638,638.0,411.14322580645165,144.81290322580645,,,152,0,775.0
153,642,642.0,409.72556390977445,141.1967418546366,,,153,0,798.0
153,643,643.0,510.84664131812417,274.11660329531054,,,153,1,789.0
154,646,646.0,408.6406649616368,138.79539641943734,,,154,0,782.0
154,647,647.0,515.1904761904761,273.57142857142856,,,154,1,777.0
155,651,651.0,407.5869017632242,136.29093198992442,,,155,0,794.0
155,652,652.0,518.8250950570342,273.07731305449937,,,155,1,789.0
156,656,656.0,523.1313394018206,272.7581274382315,,,156,1,769.0
156,655,655.0,406.451572327044,133.1622641509434,,,156,0,795.0
157,659,659.0,405.3528662420382,129.90573248407642,,,157,0,785.0
157,660,660.0,526.7211660329531,272.4512040557668,,,157,1,789.0
158,663,663.0,404.5697823303457,126.64276568501921,,,158,0,781.0
158,664,664.0,530.3843187660668,272.2005141388175,,,158,1,778.0
159,667,667.0,404.5632911392405,124.40126582278481,,,159,0,790.0
159,668,668.0,534.2075718015666,271.8368146214099,,,159,1,766.0
160,672,672.0,538.1267973856209,271.70588235294116,,,160,1,765.0
160,671,671.0,404.8503311258278,123.04238410596028,,,160,0,755.0
161,675,675.0,406.12924281984334,121.7597911227154,,,161,0,766.0
161,676,676.0,541.1547779273217,271.09959623149393,,,161,1,743.0
162,680,680.0,407.2879581151832,120.04842931937172,,,162,0,764.0
162,681,681.0,544.2105263157895,270.36437246963555,,,162,1,741.0
163,684,684.0,408.96475195822455,119.2088772845953,,,163,0,766.0
163,685,685.0,545.722891566265,269.51807228915663,,,163,1,747.0
164,688,688.0,410.9544863459038,118.40832249674902,,,164,0,769.0
164,689,689.0,546.6280991735537,268.02479338842977,,,164,1,726.0
165,692,692.0,412.79166666666674,118.16397849462365,,,165,0,744.0
165,693,693.0,547.3783422459893,266.0080213903743,,,165,1,748.0
166,696,696.0,414.58900144717796,118.12445730824892,,,166,0,691.0
166,697,697.0,546.7208976157083,264.7671809256662,,,166,1,713.0
167,701,701.0,546.3457142857144,263.78714285714284,,,167,1,700.0
167,700,700.0,416.1325503355704,118.23489932885906,,,167,0,596.0
168,705,705.0,545.2170658682635,263.15868263473055,,,168,1,668.0
168,704,704.0,418.8148148148149,119.32222222222221,,,168,0,540.0
169,708,708.0,420.63167587476977,120.7587476979742,,,169,0,543.0
169,709,709.0,544.3552,263.704,,,169,1,625.0
170,712,712.0,421.68615984405466,122.41325536062378,,,170,0,513.0
170,713,713.0,542.8088495575221,263.7964601769912,,,170,1,565.0
171,716,716.0,422.1490909090909,126.1509090909091,,,171,0,550.0
171,717,717.0,541.7829457364342,264.3934108527132,,,171,1,516.0
172,720,720.0,419.93607954545456,129.79829545454547,,,172,0,704.0
172,721,721.0,539.8255319148936,264.5808510638298,,,172,1,470.0
173,725,725.0,418.5453315290934,131.15020297699593,,,173,0,739.0
173,726,726.0,540.8079207920791,263.66336633663366,,,173,1,505.0
174,729,729.0,415.8381742738589,133.07053941908714,,,174,0,723.0
174,730,730.0,540.4451697127937,258.8368146214099,,,174,1,766.0
175,734,734.0,413.69973190348526,133.81099195710456,,,175,0,746.0
175,735,735.0,538.8318002628121,258.2917214191853,,,175,1,761.0
176,739,739.0,410.92517006802717,136.20272108843537,,,176,0,735.0
176,740,740.0,536.7384823848238,258.0907859078591,,,176,1,738.0
177,744,744.0,408.7027741083223,137.17305151915457,,,177,0,757.0
177,745,745.0,534.8431911966987,257.95460797799177,,,177,1,727.0
178,748,748.0,405.78723404255317,139.65824468085106,,,178,0,752.0
178,749,749.0,532.5240715268227,258.33012379642366,,,178,1,727.0
179,752,752.0,403.1108144192256,141.48197596795728,,,179,0,749.0
179,753,753.0,529.2327469553452,258.24763193504737,,,179,1,739.0
180,757,757.0,399.77570093457945,143.63818424566088,,,180,0,749.0
180,758,758.0,525.5972413793104,258.8841379310345,,,180,1,725.0
181,762,762.0,521.3324360699867,259.1749663526245,,,181,1,743.0
181,761,761.0,396.1655359565808,146.10854816824963,,,181,0,737.0
182,766,766.0,517.4268292682926,259.34417344173437,,,182,1,738.0
182,765,765.0,393.3948051948052,147.6220779220779,,,182,0,770.0
183,769,769.0,390.1555555555556,149.7686274509804,,,183,0,765.0
183,770,770.0,513.0296096904441,260.08075370121134,,,183,1,743.0
184,773,773.0,386.8515111695138,151.81603153745073,,,184,0,761.0
184,774,774.0,508.7154471544715,260.7032520325203,,,184,1,738.0
185,777,777.0,384.01196808510633,154.2765957446809,,,185,0,752.0
185,778,778.0,504.1830417227456,261.1736204576044,,,185,1,743.0
186,781,781.0,381.0843060959792,156.89623865110246,,,186,0,771.0
186,782,782.0,499.23443708609267,261.58543046357613,,,186,1,755.0
187,785,785.0,378.3389175257732,159.8221649484536,,,187,0,776.0
187,786,786.0,494.9124668435013,261.8713527851459,,,187,1,754.0
188,789,789.0,376.3868894601543,162.7095115681234,,,188,0,778.0
188,790,790.0,490.4244031830239,262.30636604774537,,,188,1,754.0
189,793,793.0,374.2068511198946,166.2463768115942,,,189,0,759.0
189,794,794.0,485.8565737051793,262.722443559097,,,189,1,753.0
190,799,799.0,372.62580645161285,169.4774193548387,,,190,0,775.0
190,800,800.0,481.4659685863874,262.9109947643979,,,190,1,764.0
191,803,803.0,371.4921465968586,173.06544502617803,,,191,0,764.0
191,804,804.0,477.38026315789466,263.0,,,191,1,760.0
192,808,808.0,472.95538057742783,262.8871391076116,,,192,1,762.0
192,807,807.0,370.52467532467534,176.81558441558442,,,192,0,770.0
193,812,812.0,369.9216216216216,180.8310810810811,,,193,0,740.0
193,813,813.0,468.65290322580637,262.8051612903226,,,193,1,775.0
194,816,816.0,370.0160642570281,184.82730923694783,,,194,0,747.0
194,817,817.0,464.30779054916985,262.418901660281,,,194,1,783.0
195,820,820.0,370.1854951185495,188.68619246861923,,,195,0,717.0
195,821,821.0,459.66965428937266,261.8911651728553,,,195,1,781.0
196,825,825.0,454.7936305732485,261.44458598726106,,,196,1,785.0
196,824,824.0,370.59455782312926,192.465306122449,,,196,0,735.0
197,829,829.0,450.5402298850575,260.8441890166028,,,197,1,783.0
197,828,828.0,371.5836849507736,196.36286919831227,,,197,0,711.0
198,833,833.0,372.6430481283423,199.3021390374332,,,198,0,748.0
198,834,834.0,446.49113924050636,260.32911392405066,,,198,1,790.0
199,837,837.0,374.1927710843373,203.23025435073632,,,199,0,747.0
199,838,838.0,441.77278562259306,259.7586649550706,,,199,1,779.0
200,841,841.0,376.39187418086505,206.5570117955439,,,200,0,763.0
200,842,842.0,436.8708439897698,258.94757033248084,,,200,1,782.0
201,846,846.0,378.4012903225806,209.21032258064517,,,201,0,775.0
201,847,847.0,433.44654088050316,258.27672955974845,,,201,1,795.0
202,850,850.0,381.2105943152455,212.1925064599484,,,202,0,774.0
202,851,851.0,428.4955974842768,257.29937106918237,,,202,1,795.0
203,855,855.0,383.81889763779526,214.76377952755902,,,203,0,762.0
203,856,856.0,424.53517587939695,256.3542713567839,,,203,1,796.0
204,860,860.0,419.70356234096687,255.00890585241729,,,204,1,786.0
204,859,859.0,386.9689521345408,217.11384217335058,,,204,0,773.0
205,863,863.0,389.87909319899245,218.7052896725441,,,205,0,794.0
205,864,864.0,415.75316455696196,253.97468354430382,,,205,1,790.0
206,867,867.0,393.5506883604506,220.53191489361703,,,206,0,799.0
206,868,868.0,411.60102301790283,252.4782608695652,,,206,1,782.0
207,872,872.0,402.35895806861504,236.55146124523503,,,207,0,1574.0
208,875,875.0,401.7311968606933,236.24591236102032,,,208,0,1529.0
209,878,878.0,401.6490765171503,235.8317941952507,,,209,0,1516.0
210,881,881.0,401.5813193990856,235.09536250816458,,,210,0,1531.0
211,884,884.0,401.45964691046663,234.08007566204287,,,211,0,1586.0
212,887,887.0,416.3489519112207,223.078914919852,,,212,0,811.0
212,888,888.0,386.5056603773585,242.92452830188682,,,212,1,795.0
213,891,891.0,419.69925742574264,222.07797029702968,,,213,0,808.0
213,892,892.0,382.6293969849246,241.2211055276382,,,213,1,796.0
214,896,896.0,378.68686868686865,239.34595959595958,,,214,1,792.0
214,895,895.0,423.5374064837905,220.46508728179555,,,214,0,802.0
215,899,899.0,426.53874538745384,219.0172201722017,,,215,0,813.0
215,900,900.0,374.98232323232315,237.58964646464645,,,215,1,792.0
216,904,904.0,429.67126725219566,216.6775407779172,,,216,0,797.0
216,905,905.0,371.4215809284818,235.51819322459218,,,216,1,797.0
217,909,909.0,432.3199498117943,214.41656210790464,,,217,0,797.0
217,910,910.0,367.8598484848485,233.5378787878788,,,217,1,792.0
218,913,913.0,434.69405815423517,211.86978508217445,,,218,0,791.0
218,914,914.0,364.35491905354917,232.0722291407223,,,218,1,803.0
219,917,917.0,436.9375,208.83625,,,219,0,800.0
219,918,918.0,360.77232704402513,230.09308176100632,,,219,1,795.0
220,921,921.0,438.965,205.63875,,,220,0,800.0
220,922,922.0,356.83501259445836,228.11335012594455,,,220,1,794.0
221,926,926.0,353.21065675340765,225.54275092936803,,,221,1,807.0
221,925,925.0,440.91760299625463,202.4107365792759,,,221,0,801.0
222,929,929.0,442.35849056603774,199.0440251572327,,,222,0,795.0
222,930,930.0,349.7672955974843,223.5421383647799,,,222,1,795.0
223,933,933.0,443.8505025125628,195.7110552763819,,,223,0,796.0
223,934,934.0,346.19826517967783,221.3965303593556,,,223,1,807.0
224,938,938.0,444.93962264150946,192.55974842767296,,,224,0,795.0
224,939,939.0,342.77059569074777,219.35614702154626,,,224,1,789.0
225,942,942.0,445.81602002503126,188.85607008760948,,,225,0,799.0
225,943,943.0,338.69974874371866,216.9711055276382,,,225,1,796.0
226,946,946.0,446.41878172588827,185.68401015228423,,,226,0,788.0
226,947,947.0,335.34788029925187,214.67082294264335,,,226,1,802.0
227,950,950.0,447.23876765083435,181.9717586649551,,,227,0,779.0
227,951,951.0,331.59949937421777,212.35043804755944,,,227,1,799.0
228,955,955.0,328.2944099378882,210.31552795031052,,,228,1,805.0
228,954,954.0,447.43401015228426,178.64847715736042,,,228,0,788.0
229,959,959.0,447.6238881829733,174.72299872935196,,,229,0,787.0
229,960,960.0,324.5746835443038,207.77974683544304,,,229,1,790.0
230,963,963.0,447.51388888888886,170.8598484848485,,,230,0,792.0
230,964,964.0,321.46683354192743,205.2177722152691,,,230,1,799.0
231,968,968.0,447.06607369758575,167.09656925031766,,,231,0,787.0
231,969,969.0,317.853875476493,202.76493011435832,,,231,1,787.0
232,973,973.0,446.1989664082688,163.7894056847545,,,232,0,774.0
232,974,974.0,314.74027603513167,200.2120451693852,,,232,1,797.0
233,977,977.0,445.1404639175258,160.2835051546392,,,233,0,776.0
233,978,978.0,311.57035175879395,197.3831658291457,,,233,1,796.0
234,981,981.0,443.7073170731707,156.85622593068038,,,234,0,779.0
234,982,982.0,308.0,194.534504391468,,,234,1,797.0
235,986,986.0,304.7360406091371,191.58121827411168,,,235,1,788.0
235,985,985.0,442.09244791666674,153.40234375,,,235,0,768.0
236,989,989.0,440.1786179921773,149.79009126466752,,,236,0,767.0
236,990,990.0,301.687979539642,188.79923273657292,,,236,1,782.0
237,994,994.0,438.11417322834643,146.51706036745406,,,237,0,762.0
237,995,995.0,298.7403100775194,185.84625322997417,,,237,1,774.0
238,998,998.0,435.70422535211264,143.6235595390525,,,238,0,781.0
238,999,999.0,295.7442159383033,182.90102827763496,,,238,1,778.0
239,1003,1003.0,433.1,140.43766233766235,,,239,0,770.0
239,1004,1004.0,292.48284625158834,179.8322744599746,,,239,1,787.0
240,1007,1007.0,430.7161290322581,138.31483870967742,,,240,0,775.0
240,1008,1008.0,289.5387547649301,176.86149936467598,,,240,1,787.0
241,1011,1011.0,428.21875,135.92057291666666,,,241,0,768.0
241,1012,1012.0,286.6414852752881,173.78873239436618,,,241,1,781.0
242,1015,1015.0,425.6237113402062,133.80798969072166,,,242,0,776.0
242,1016,1016.0,283.64864864864865,170.9150579150579,,,242,1,777.0
243,1020,1020.0,280.87166454891997,167.50317662007626,,,243,1,787.0
243,1019,1019.0,422.6360153256705,131.45721583652622,,,243,0,783.0
244,1025,1025.0,277.77290322580643,163.94451612903225,,,244,1,775.0
244,1024,1024.0,419.0824742268042,129.3286082474227,,,244,0,776.0
245,1028,1028.0,415.715923566879,127.57707006369426,,,245,0,785.0
245,1029,1029.0,275.41488020176547,160.81841109709958,,,245,1,793.0
246,1032,1032.0,414.30451612903227,126.49935483870968,,,246,0,775.0
246,1033,1033.0,272.77011494252866,157.64240102171138,,,246,1,783.0
247,1036,1036.0,413.8393316195373,125.87017994858613,,,247,0,778.0
247,1037,1037.0,270.3275,154.31625,,,247,1,800.0
248,1041,1041.0,412.9296875,124.71484375,,,248,0,768.0
248,1042,1042.0,267.336305732484,150.03057324840762,,,248,1,785.0
249,1045,1045.0,410.2210796915167,123.26992287917736,,,249,0,778.0
249,1046,1046.0,264.8700128700129,146.47747747747746,,,249,1,777.0
250,1049,1049.0,407.3031088082902,121.35880829015542,,,250,0,772.0
250,1050,1050.0,262.54651162790697,142.96770025839794,,,250,1,774.0
251,1055,1055.0,260.33247089262613,139.22380336351878,,,251,1,773.0
251,1054,1054.0,404.16905071521455,119.2626788036411,,,251,0,769.0
252,1059,1059.0,400.70437017994857,117.60154241645245,,,252,0,778.0
252,1060,1060.0,258.2496749024708,135.8777633289987,,,252,1,769.0
253,1064,1064.0,397.1189542483661,116.40130718954248,,,253,0,765.0
253,1065,1065.0,256.27720207253884,132.19430051813472,,,253,1,772.0
254,1068,1068.0,393.57069408740364,115.40488431876608,,,254,0,778.0
254,1069,1069.0,254.52748691099475,129.12565445026178,,,254,1,764.0
255,1073,1073.0,252.5318595578674,125.87256176853056,,,255,1,769.0
255,1072,1072.0,390.06856403622254,114.58990944372574,,,255,0,773.0
256,1076,1076.0,386.13842173350577,113.72962483829235,,,256,0,773.0
256,1077,1077.0,250.5800524934384,122.13648293963254,,,256,1,762.0
257,1081,1081.0,381.9520725388601,113.53367875647669,,,257,0,772.0
257,1082,1082.0,248.5196335078534,118.1910994764398,,,257,1,764.0
258,1087,1087.0,246.40208877284599,114.78590078328982,,,258,1,766.0
258,1086,1086.0,378.1034928848642,113.5058214747736,,,258,0,773.0
259,1090,1090.0,244.47532467532466,110.93896103896105,,,259,1,770.0
259,1091,1091.0,374.45773732119636,113.83094928478545,,,259,0,769.0
260,1095,1095.0,242.61548556430446,107.0472440944882,,,260,1,762.0
260,1096,1096.0,370.51291989664077,114.82558139534883,,,260,0,774.0
261,1099,1099.0,240.89210526315793,103.15526315789472,,,261,1,760.0
261,1100,1100.0,366.9895561357702,115.69190600522194,,,261,0,766.0
262,1105,1105.0,239.0053333333333,99.33466666666666,,,262,1,750.0
262,1106,1106.0,363.13066666666674,117.35733333333332,,,262,0,750.0
263,1109,1109.0,237.568988173456,96.08672798948751,,,263,1,761.0
263,1110,1110.0,359.7193675889328,118.9855072463768,,,263,0,759.0
264,1113,1113.0,235.8804780876494,92.27091633466135,,,264,1,753.0
264,1114,1114.0,356.109375,120.85416666666669,,,264,0,768.0
265,1118,1118.0,352.925,122.90526315789472,,,265,0,760.0
265,1117,1117.0,234.37450722733246,88.83574244415243,,,265,1,761.0
266,1121,1121.0,232.90558510638297,85.25797872340425,,,266,1,752.0
266,1122,1122.0,349.864406779661,124.98826597131682,,,266,0,767.0
267,1125,1125.0,231.72666666666663,82.06533333333333,,,267,1,750.0
267,1126,1126.0,347.21243523316065,127.00647668393782,,,267,0,772.0
268,1130,1130.0,230.61148197596802,78.88518024032042,,,268,1,749.0
268,1131,1131.0,344.32947232947225,129.04375804375806,,,268,0,777.0
269,1134,1134.0,229.52242744063324,75.05145118733509,,,269,1,758.0
269,1135,1135.0,341.3886743886744,131.75675675675672,,,269,0,777.0
270,1139,1139.0,228.28571428571428,70.46061415220294,,,270,1,749.0
270,1140,1140.0,338.24936386768445,134.71882951653944,,,270,0,786.0
271,1143,1143.0,227.25890410958905,66.96438356164384,,,271,1,730.0
271,1144,1144.0,335.77792207792214,137.47012987012988,,,271,0,770.0
272,1147,1147.0,226.1596858638744,62.992146596858646,,,272,1,764.0
272,1148,1148.0,333.2397435897436,139.96282051282049,,,272,0,780.0
273,1152,1152.0,225.13254593175853,59.01574803149607,,,273,1,762.0
273,1153,1153.0,330.9552631578948,143.5157894736842,,,273,0,760.0
274,1156,1156.0,224.4674634794157,56.08764940239044,,,274,1,753.0
274,1157,1157.0,332.69911504424783,148.06858407079642,,,274,0,452.0
275,1160,1160.0,223.57859973579917,52.59445178335535,,,275,1,757.0
275,1161,1161.0,329.86307053941914,148.31327800829877,,,275,0,482.0
276,1164,1164.0,222.83813443072705,49.57613168724279,,,276,1,729.0
276,1165,1165.0,327.1716287215412,146.93520140105082,,,276,0,571.0
277,1168,1168.0,221.09523809523807,47.72268907563026,,,277,1,714.0
277,1169,1169.0,323.5871934604905,144.20844686648502,,,277,0,734.0
278,1172,1172.0,220.64905149051492,46.44986449864497,,,278,1,738.0
278,1173,1173.0,321.5898734177215,143.01898734177215,,,278,0,790.0
279,1177,1177.0,320.1513583441138,141.46830530401039,,,279,0,773.0
279,1176,1176.0,219.61268556005402,45.439946018893394,,,279,1,741.0
280,1181,1181.0,218.165991902834,44.87449392712551,,,280,1,741.0
280,1182,1182.0,319.6670984455958,140.66709844559583,,,280,0,772.0
281,1185,1185.0,216.2713903743316,43.98262032085562,,,281,1,748.0
281,1186,1186.0,319.4300126103405,140.1109709962169,,,281,0,793.0
282,1189,1189.0,214.5363511659808,44.123456790123456,,,282,1,729.0
282,1190,1190.0,318.87564102564096,139.37307692307692,,,282,0,780.0
283,1194,1194.0,317.1664499349805,137.84135240572172,,,283,0,769.0
283,1193,1193.0,212.87267904509284,44.55702917771883,,,283,1,754.0
284,1199,1199.0,211.4257555847569,45.4257555847569,,,284,1,761.0
284,1200,1200.0,315.4967824967825,135.96138996138995,,,284,0,777.0
285,1204,1204.0,313.56532988357054,133.65329883570504,,,285,0,773.0
285,1203,1203.0,210.80931586608443,47.441048034934504,,,285,1,687.0
286,1209,1209.0,311.48129032258066,130.45806451612904,,,286,0,775.0
286,1208,1208.0,212.8649237472767,50.69716775599129,,,286,1,459.0
287,1212,1212.0,212.79294117647058,51.5129411764706,,,287,1,425.0
287,1213,1213.0,309.34464751958217,127.19060052219321,,,287,0,766.0
288,1216,1216.0,207.4520348837209,52.28633720930232,,,288,1,688.0
288,1217,1217.0,307.3923076923077,124.4,,,288,0,780.0
289,1220,1220.0,207.02789400278942,53.577405857740594,,,289,1,717.0
289,1221,1221.0,305.63989637305696,121.72927461139895,,,289,0,772.0
290,1225,1225.0,207.4951048951049,55.4027972027972,,,290,1,715.0
290,1226,1226.0,303.09010152284264,117.9035532994924,,,290,0,788.0
291,1229,1229.0,208.3038516405136,56.838801711840226,,,291,1,701.0
291,1230,1230.0,301.55837563451774,115.66116751269035,,,291,0,788.0
292,1233,1233.0,209.2353780313837,57.7360912981455,,,292,1,701.0
292,1234,1234.0,299.4512040557668,112.60076045627376,,,292,0,789.0
293,1238,1238.0,297.0883116883117,109.84805194805195,,,293,0,770.0
293,1237,1237.0,209.62606232294615,58.84985835694051,,,293,1,706.0
294,1241,1241.0,211.20338983050846,60.98728813559321,,,294,1,708.0
294,1242,1242.0,294.34155844155845,107.15714285714287,,,294,0,770.0
295,1246,1246.0,213.10724233983288,63.582172701949865,,,295,1,718.0
295,1247,1247.0,292.04330708661416,104.72178477690291,,,295,0,762.0
296,1250,1250.0,215.27222222222218,66.0138888888889,,,296,1,720.0
296,1251,1251.0,289.456050955414,101.8891719745223,,,296,0,785.0
297,1254,1254.0,217.34901960784316,68.82614379084967,,,297,1,765.0
297,1255,1255.0,286.70661672908864,99.19725343320849,,,297,0,801.0
298,1258,1258.0,219.72307692307686,72.03776223776224,,,298,1,715.0
298,1259,1259.0,284.41804320203306,96.84371029224906,,,298,0,787.0
299,1262,1262.0,221.5236111111111,74.83055555555555,,,299,1,720.0
299,1263,1263.0,281.45477386934675,94.43969849246231,,,299,0,796.0
300,1266,1266.0,223.28877005347596,77.93449197860963,,,300,1,748.0
300,1267,1267.0,278.49936628643854,92.48415716096324,,,300,0,789.0
301,1270,1270.0,225.43006535947708,81.40915032679739,,,301,1,765.0
301,1271,1271.0,275.02053915276,90.4749679075738,,,301,0,779.0
302,1275,1275.0,271.7884130982368,88.67254408060455,,,302,0,794.0
302,1274,1274.0,227.11378848728248,84.92503346720214,,,302,1,747.0
303,1278,1278.0,268.39875776397514,87.2695652173913,,,303,0,805.0
303,1279,1279.0,228.8713910761155,88.4265091863517,,,303,1,762.0
304,1282,1282.0,264.57231149567366,85.9752781211372,,,304,0,809.0
304,1283,1283.0,230.6815789473684,91.95394736842104,,,304,1,760.0
305,1287,1287.0,247.62967826657916,90.29481286933685,,,305,1,1523.0
306,1290,1290.0,246.349701393497,91.30922362309224,,,306,1,1507.0
307,1293,1293.0,245.26703372333102,93.02752924982794,,,307,1,1453.0
308,1296,1296.0,244.48541801685033,94.65586519766687,,,308,1,1543.0
309,1299,1299.0,242.84171195652172,96.8600543478261,,,309,1,1472.0
310,1302,1302.0,241.8662020905924,99.09547038327526,,,310,1,1435.0
311,1305,1305.0,237.7815344603381,85.6111833550065,,,311,0,769.0
311,1306,1306.0,243.32,118.59714285714287,,,311,1,700.0
312,1310,1310.0,244.72303206997088,122.50145772594752,,,312,1,686.0
312,1309,1309.0,233.994757536042,86.46657929226738,,,312,0,763.0
313,1313,1313.0,230.16490765171505,87.5910290237467,,,313,0,758.0
313,1314,1314.0,246.33285917496445,126.4054054054054,,,313,1,703.0
314,1317,1317.0,226.7089262613196,88.65717981888746,,,314,0,773.0
314,1318,1318.0,247.7424023154848,130.53545586107091,,,314,1,691.0
315,1321,1321.0,223.4268617021277,90.12234042553192,,,315,0,752.0
315,1322,1322.0,249.1292134831461,134.31460674157304,,,315,1,712.0
316,1326,1326.0,250.28125,137.7471590909091,,,316,1,704.0
316,1325,1325.0,220.7,91.51066666666668,,,316,0,750.0
317,1330,1330.0,216.86701434159062,92.49282920469358,,,317,0,767.0
317,1331,1331.0,251.84779516358464,142.21479374110953,,,317,1,703.0
318,1334,1334.0,213.55776892430282,94.15803452855246,,,318,0,753.0
318,1335,1335.0,253.0480905233381,146.46958981612448,,,318,1,707.0
319,1339,1339.0,254.148359486448,150.4151212553495,,,319,1,701.0
319,1338,1338.0,209.87581699346404,95.46274509803922,,,319,0,765.0
320,1344,1344.0,255.1212976022567,153.61918194640342,,,320,1,709.0
320,1343,1343.0,207.0013315579228,97.02130492676432,,,320,0,751.0
321,1347,1347.0,203.29482071713147,99.03452855245683,,,321,0,753.0
321,1348,1348.0,256.7934472934473,158.20655270655269,,,321,1,702.0
322,1351,1351.0,200.17273954116055,100.95546558704453,,,322,0,741.0
322,1352,1352.0,257.89239598278334,162.25107604017217,,,322,1,697.0
323,1355,1355.0,197.58245083207265,104.27836611195158,,,323,0,661.0
323,1356,1356.0,259.0491573033708,166.5744382022472,,,323,1,712.0
324,1360,1360.0,194.54724964739066,105.72496473906912,,,324,0,709.0
324,1361,1361.0,260.2079207920792,170.42857142857142,,,324,1,707.0
325,1365,1365.0,191.26745718050063,107.4532279314888,,,325,0,759.0
325,1366,1366.0,261.49,174.91857142857143,,,325,1,700.0
326,1369,1369.0,188.95602836879436,110.32624113475175,,,326,0,705.0
326,1370,1370.0,262.5945558739255,178.99283667621776,,,326,1,698.0
327,1374,1374.0,263.85839416058394,183.72408759124087,,,327,1,685.0
327,1373,1373.0,186.1472556894244,111.65194109772423,,,327,0,747.0
328,1378,1378.0,264.30140845070423,187.39436619718307,,,328,1,710.0
328,1377,1377.0,184.0084985835694,114.45892351274787,,,328,0,706.0
329,1381,1381.0,181.98870056497174,116.58757062146893,,,329,0,708.0
329,1382,1382.0,265.2768361581921,191.4237288135593,,,329,1,708.0
330,1385,1385.0,179.53362573099415,119.28801169590643,,,330,0,684.0
330,1386,1386.0,266.13540197461214,195.76868829337099,,,330,1,709.0
331,1389,1389.0,176.9929676511955,121.54008438818563,,,331,0,711.0
331,1390,1390.0,266.9152298850575,199.87787356321843,,,331,1,696.0
332,1394,1394.0,174.9307359307359,124.42279942279943,,,332,0,693.0
332,1395,1395.0,267.39890710382514,204.0928961748634,,,332,1,732.0
333,1398,1398.0,172.04964539007096,127.34609929078016,,,333,0,705.0
333,1399,1399.0,268.1580381471389,209.0340599455041,,,333,1,734.0
334,1402,1402.0,170.23376623376626,129.61183261183263,,,334,0,693.0
334,1403,1403.0,268.985195154778,213.08479138627186,,,334,1,743.0
335,1407,1407.0,269.53081232493,217.7156862745098,,,335,1,714.0
335,1406,1406.0,168.2332361516035,132.7201166180758,,,335,0,686.0
336,1411,1411.0,269.99865410497983,221.0471063257066,,,336,1,743.0
336,1410,1410.0,165.94949494949498,135.85858585858583,,,336,0,693.0
337,1414,1414.0,164.2208774583964,139.06505295007565,,,337,0,661.0
337,1415,1415.0,270.39159891598916,224.9349593495935,,,337,1,738.0
338,1418,1418.0,162.88323353293413,142.29191616766468,,,338,0,668.0
338,1419,1419.0,271.0243902439024,228.92140921409214,,,338,1,738.0
339,1422,1422.0,161.38980509745127,145.70764617691154,,,339,0,667.0
339,1423,1423.0,270.9496021220159,232.75596816976127,,,339,1,754.0
340,1426,1426.0,160.15689149560114,148.72727272727272,,,340,0,682.0
340,1427,1427.0,271.39017735334244,236.924965893588,,,340,1,733.0
341,1430,1430.0,159.1,152.36716417910446,,,341,0,670.0
341,1431,1431.0,270.8600770218229,240.63543003851086,,,341,1,779.0
342,1435,1435.0,158.3130699088146,156.22644376899697,,,342,0,658.0
342,1436,1436.0,270.806905370844,244.613810741688,,,342,1,782.0
343,1440,1440.0,270.88726790450926,248.8076923076923,,,343,1,754.0
343,1439,1439.0,157.67384615384614,159.66923076923078,,,343,0,650.0
344,1444,1444.0,156.95731707317077,163.0625,,,344,0,656.0
344,1445,1445.0,270.7493333333333,252.43599999999998,,,344,1,750.0
345,1448,1448.0,156.74153846153843,167.02923076923074,,,345,0,650.0
345,1449,1449.0,270.0106100795756,256.3395225464191,,,345,1,754.0
346,1452,1452.0,156.7609375,170.80625,,,346,0,640.0
346,1453,1453.0,269.7201051248357,260.79894875164257,,,346,1,761.0
347,1456,1456.0,156.95524691358025,174.179012345679,,,347,0,648.0
347,1457,1457.0,268.5794743429287,263.76345431789736,,,347,1,799.0
348,1461,1461.0,157.11463046757166,177.93665158371041,,,348,0,663.0
348,1462,1462.0,268.2616352201258,268.4301886792453,,,348,1,795.0
349,1465,1465.0,157.531884057971,180.91884057971012,,,349,0,690.0
349,1466,1466.0,267.73281452658887,272.1374837872892,,,349,1,771.0
350,1470,1470.0,266.1972872996301,275.40073982737357,,,350,1,811.0
350,1469,1469.0,158.05726872246697,184.5873715124816,,,350,0,681.0
351,1474,1474.0,159.1822222222222,187.7437037037037,,,351,0,675.0
351,1475,1475.0,265.41625,278.7875,,,351,1,800.0
352,1479,1479.0,160.27712609970675,190.75366568914959,,,352,0,682.0
352,1480,1480.0,263.9670731707317,282.4,,,352,1,820.0
353,1483,1483.0,161.7204610951009,194.3314121037464,,,353,0,694.0
353,1484,1484.0,262.7469586374696,286.47688564476886,,,353,1,822.0
354,1488,1488.0,163.0348330914369,197.13933236574746,,,354,0,689.0
354,1489,1489.0,261.51842751842753,290.0823095823096,,,354,1,814.0
355,1492,1492.0,164.18584070796464,199.9144542772861,,,355,0,678.0
355,1493,1493.0,260.32756489493204,293.58343634116187,,,355,1,809.0
356,1498,1498.0,258.4963235294117,298.0208333333333,,,356,1,816.0
356,1497,1497.0,165.72334293948126,202.75072046109509,,,356,0,694.0
357,1502,1502.0,167.021216407355,204.7920792079208,,,357,0,707.0
357,1503,1503.0,256.96102314250913,301.8233861144945,,,357,1,821.0
358,1506,1506.0,168.69787234042553,207.1631205673759,,,358,0,705.0
358,1507,1507.0,255.44950738916256,306.2475369458128,,,358,1,812.0
359,1510,1510.0,169.875,209.18117977528092,,,359,0,712.0
359,1511,1511.0,254.01944106925882,309.7995139732685,,,359,1,823.0
360,1514,1514.0,172.15804597701145,211.94683908045974,,,360,0,696.0
360,1515,1515.0,252.64927184466018,313.86771844660194,,,360,1,824.0
361,1519,1519.0,173.55586206896552,213.96137931034482,,,361,0,725.0
361,1520,1520.0,250.8942891859052,317.4957472660996,,,361,1,823.0
362,1523,1523.0,176.3974540311174,216.92644978783596,,,362,0,707.0
362,1524,1524.0,248.8466257668712,322.1828220858896,,,362,1,815.0
363,1527,1527.0,178.44615384615383,219.13846153846157,,,363,0,715.0
363,1528,1528.0,246.83757575757576,325.9248484848485,,,363,1,825.0
364,1532,1532.0,244.86066584463626,330.1812577065351,,,364,1,811.0
364,1531,1531.0,180.60739687055482,221.57467994310102,,,364,0,703.0
365,1536,1536.0,242.93712212817408,333.71584038694067,,,365,1,827.0
365,1535,1535.0,183.33145275035258,223.85331452750356,,,365,0,709.0
366,1539,1539.0,185.57507082152972,226.1473087818697,,,366,0,706.0
366,1540,1540.0,241.2047146401985,337.3746898263028,,,366,1,806.0
367,1543,1543.0,187.9275568181818,227.93607954545453,,,367,0,704.0
367,1544,1544.0,238.87392900856796,341.47123623011015,,,367,1,817.0
368,1547,1547.0,189.67475035663338,229.44793152639087,,,368,0,701.0
368,1548,1548.0,236.9482120838471,345.13070283600496,,,368,1,811.0
369,1551,1551.0,192.51714285714286,231.2742857142857,,,369,0,700.0
369,1552,1552.0,235.015931372549,348.4558823529412,,,369,1,816.0
370,1555,1555.0,195.2236652236652,233.14285714285717,,,370,0,693.0
370,1556,1556.0,232.95354523227383,352.4119804400978,,,370,1,818.0
371,1559,1559.0,198.15797101449277,235.0086956521739,,,371,0,690.0
371,1560,1560.0,230.9987669543773,356.2429099876695,,,371,1,811.0
372,1563,1563.0,201.134670487106,236.72636103151862,,,372,0,698.0
372,1564,1564.0,228.8150431565968,360.31196054254013,,,372,1,811.0
373,1568,1568.0,226.3163771712159,364.3387096774193,,,373,1,806.0
373,1567,1567.0,204.32855093256816,238.35724533715924,,,373,0,697.0
374,1571,1571.0,206.9797687861272,239.38728323699425,,,374,0,692.0
374,1572,1572.0,224.6775362318841,367.94685990338166,,,374,1,828.0
375,1576,1576.0,209.99288762446656,240.63726884779518,,,375,0,703.0
375,1577,1577.0,222.33782129742963,371.99632802937583,,,375,1,817.0
376,1580,1580.0,213.4678111587983,241.6766809728183,,,376,0,699.0
376,1581,1581.0,220.17245657568242,375.5397022332506,,,376,1,806.0
377,1584,1584.0,216.93948126801152,242.2708933717579,,,377,0,694.0
377,1585,1585.0,217.69024390243905,379.51463414634145,,,377,1,820.0
378,1588,1588.0,220.23246217331499,243.0467675378267,,,378,0,727.0
378,1589,1589.0,215.38242574257427,383.3267326732673,,,378,1,808.0
379,1592,1592.0,223.83473389355743,243.09523809523807,,,379,0,714.0
379,1593,1593.0,212.7899262899263,387.1142506142506,,,379,1,814.0
380,1596,1596.0,227.44776119402985,237.8482587064677,,,380,0,402.0
380,1597,1597.0,210.28358208955228,390.5995024875622,,,380,1,804.0
381,1601,1601.0,207.9767441860465,394.3892288861689,,,381,1,817.0
381,1600,1600.0,226.46292134831458,240.28314606741574,,,381,0,445.0
382,1605,1605.0,226.6714975845411,248.38164251207732,,,382,0,207.0
382,1606,1606.0,205.40694789081886,398.2928039702233,,,382,1,806.0
383,1609,1609.0,229.32300884955748,246.30973451327438,,,383,0,226.0
383,1610,1610.0,202.9950738916256,401.61453201970437,,,383,1,812.0
384,1614,1614.0,231.12250712250716,242.75213675213678,,,384,0,351.0
384,1615,1615.0,200.37064676616922,405.5124378109453,,,384,1,804.0
385,1619,1619.0,197.95807644882862,409.31196054254013,,,385,1,811.0
386,1623,1623.0,195.3660049627792,412.6488833746897,,,386,1,806.0
387,1627,1627.0,192.75768757687575,416.5633456334563,,,387,1,813.0
388,1631,1631.0,190.19427148194268,420.38854296388536,,,388,1,803.0
389,1635,1635.0,187.4850374064838,423.8291770573566,,,389,1,802.0
390,1639,1639.0,185.14052697616057,427.4328732747804,,,390,1,797.0
391,1643,1643.0,182.57106598984768,431.3769035532995,,,391,1,788.0
392,1647,1647.0,178.92701664532655,431.5966709346991,,,392,1,781.0
393,1651,1651.0,175.29815303430075,429.1266490765171,,,393,1,758.0
394,1655,1655.0,172.1042780748663,427.3101604278075,,,394,1,748.0
395,1659,1659.0,170.8228840125392,425.1316614420063,,,395,1,638.0
396,1663,1663.0,169.36862244897958,419.2091836734694,,,396,1,784.0
397,1667,1667.0,171.29274965800275,415.1272229822162,,,397,1,731.0
398,1671,1671.0,172.95206391478033,413.4593874833555,,,398,1,751.0
399,1675,1675.0,176.27862068965518,412.3903448275862,,,399,1,725.0
400,1679,1679.0,179.5365168539326,411.4606741573034,,,400,1,712.0
401,1684,1684.0,183.29567642956764,410.83124128312414,,,401,1,717.0
402,1688,1688.0,187.6690240452617,410.3422913719944,,,402,1,707.0
403,1692,1692.0,191.84392265193367,410.26243093922653,,,403,1,724.0
404,1696,1696.0,196.44022503516172,409.943741209564,,,404,1,711.0
405,1700,1700.0,201.54359673024524,409.3188010899183,,,405,1,734.0
406,1705,1705.0,206.2601969057665,409.5316455696203,,,406,1,711.0
407,1709,1709.0,210.52427184466018,409.66851595006926,,,407,1,721.0
408,1713,1713.0,215.85931034482758,409.68689655172415,,,408,1,725.0
409,1717,1717.0,220.2207084468665,410.33514986376025,,,409,1,734.0
410,1721,1721.0,225.23809523809524,410.80816326530606,,,410,1,735.0
411,1725,1725.0,229.50877192982452,411.2941970310391,,,411,1,741.0
412,1730,1730.0,234.10977242302545,411.9290495314592,,,412,1,747.0
413,1734,1734.0,238.4669312169312,412.6640211640212,,,413,1,756.0
414,1738,1738.0,242.7435897435897,413.75,,,414,1,780.0
415,1742,1742.0,247.81924577373212,414.6449934980494,,,415,1,769.0
416,1746,1746.0,251.73223350253812,415.65355329949233,,,416,1,788.0
417,1750,1750.0,256.4700636942676,416.7273885350318,,,417,1,785.0
418,1754,1754.0,260.7634961439589,418.1053984575835,,,418,1,778.0
419,1759,1759.0,265.61182519280203,419.63753213367613,,,419,1,778.0
420,1763,1763.0,269.7037037037037,420.71392081736917,,,420,1,783.0
421,1767,1767.0,273.70342205323186,422.0253485424588,,,421,1,789.0
422,1771,1771.0,277.92902408111536,423.71989860583017,,,422,1,789.0
423,1775,1775.0,282.06641604010025,424.79949874686724,,,423,1,798.0
424,1779,1779.0,285.8982412060301,425.9221105527638,,,424,1,796.0
425,1783,1783.0,289.87719298245617,427.64912280701753,,,425,1,798.0
426,1787,1787.0,293.72084367245657,428.7704714640199,,,426,1,806.0
427,1791,1791.0,298.06455542021916,430.61266747868456,,,427,1,821.0
428,1795,1795.0,302.40025094102884,432.62233375156836,,,428,1,797.0
429,1799,1799.0,306.6002490660025,433.8455790784558,,,429,1,803.0
430,1803,1803.0,310.89608801955984,435.8887530562347,,,430,1,818.0
431,1807,1807.0,314.93023255813955,437.782129742962,,,431,1,817.0
432,1811,1811.0,319.07965686274514,439.70955882352933,,,432,1,816.0
433,1815,1815.0,323.1550671550672,441.64835164835165,,,433,1,819.0
434,1819,1819.0,326.86134969325155,443.5938650306749,,,434,1,815.0
435,1824,1824.0,330.41831683168317,445.6534653465346,,,435,1,808.0
436,1828,1828.0,334.36868064118374,447.6584463625154,,,436,1,811.0
437,1832,1832.0,337.79534313725486,449.6323529411765,,,437,1,816.0
438,1836,1836.0,341.7078239608802,451.70293398533005,,,438,1,818.0
439,1840,1840.0,345.48883374689825,453.8697270471464,,,439,1,806.0
440,1844,1844.0,349.35935563816605,456.5154894671624,,,440,1,807.0
441,1848,1848.0,353.28960396039605,458.7549504950495,,,441,1,808.0
442,1852,1852.0,356.80193236714973,461.1570048309178,,,442,1,828.0
443,1856,1856.0,360.459826946848,463.619283065513,,,443,1,809.0
444,1860,1860.0,364.33046683046683,466.1928746928747,,,444,1,814.0
445,1864,1864.0,367.9742014742015,468.6855036855037,,,445,1,814.0
446,1868,1868.0,371.55940594059405,471.42574257425736,,,446,1,808.0
447,1873,1873.0,375.2117061021169,473.6986301369863,,,447,1,803.0
448,1877,1877.0,378.45454545454544,476.4072229140722,,,448,1,803.0
449,1881,1881.0,382.3972939729397,479.2103321033209,,,449,1,813.0
450,1886,1886.0,385.5610972568578,481.6359102244389,,,450,1,802.0
451,1890,1890.0,388.9632352941177,484.4178921568628,,,451,1,816.0
452,1894,1894.0,392.3684863523573,486.8114143920595,,,452,1,806.0
453,1898,1898.0,395.34798994974886,489.53140703517585,,,453,1,796.0
454,1903,1903.0,398.5329113924051,492.2,,,454,1,790.0
455,1908,1908.0,401.6849315068493,494.9140722291408,,,455,1,803.0
456,1912,1912.0,405.4243964421855,498.292249047014,,,456,1,787.0
457,1916,1916.0,408.64050632911386,501.24936708860764,,,457,1,790.0
458,1920,1920.0,411.4819427148194,503.68244084682436,,,458,1,803.0
459,1924,1924.0,414.4905897114178,506.7641154328732,,,459,1,797.0
460,1928,1928.0,417.8510638297872,509.91113892365456,,,460,1,799.0
461,1933,1933.0,420.50881612090683,512.8110831234256,,,461,1,794.0
462,1937,1937.0,423.4030037546934,515.5782227784731,,,462,1,799.0
463,1941,1941.0,426.4090909090909,518.7146464646464,,,463,1,792.0
464,1946,1946.0,429.2888040712468,521.3664122137404,,,464,1,786.0
465,1950,1950.0,431.75944584382864,524.3539042821159,,,465,1,794.0
466,1955,1955.0,434.67888748419716,527.3868520859671,,,466,1,791.0
467,1959,1959.0,437.36050955414015,530.2980891719745,,,467,1,785.0
468,1964,1964.0,440.2842509603073,533.4455825864277,,,468,1,781.0
469,1968,1968.0,442.7253164556962,536.3721518987342,,,469,1,790.0
470,1972,1972.0,445.4351732991014,539.4467265725289,,,470,1,779.0
471,1976,1976.0,448.2095115681234,542.3817480719795,,,471,1,778.0
472,1980,1980.0,450.82270408163276,545.5025510204082,,,472,1,784.0
473,1984,1984.0,453.22522522522524,548.4826254826255,,,473,1,777.0
474,1988,1988.0,455.46562905317774,551.9740596627756,,,474,1,771.0
475,1992,1992.0,457.78873239436615,554.9129321382843,,,475,1,781.0
476,1996,1996.0,460.1552393272963,558.2639068564037,,,476,1,773.0
477,2000,2000.0,462.27296248382925,561.366106080207,,,477,1,773.0
478,2004,2004.0,464.3385012919896,564.4392764857881,,,478,1,774.0
479,2008,2008.0,466.46614583333326,567.9505208333334,,,479,1,768.0
480,2012,2012.0,468.5,571.00390625,,,480,1,768.0
481,2016,2016.0,470.41590612777054,573.9843546284225,,,481,1,767.0
482,2021,2021.0,472.5274151436032,577.0718015665798,,,482,1,766.0
483,2025,2025.0,474.4600262123198,580.5006553079947,,,483,1,763.0
484,2030,2030.0,476.2915032679738,583.9424836601307,,,484,1,765.0
485,2034,2034.0,478.2529644268775,587.1581027667984,,,485,1,759.0
486,2039,2039.0,479.9240837696335,590.7107329842931,,,486,1,764.0
487,2043,2043.0,481.59736842105264,594.0526315789474,,,487,1,760.0
488,2047,2047.0,483.37598944591036,597.2348284960423,,,488,1,758.0
489,2051,2051.0,485.11345646438,601.0725593667546,,,489,1,758.0
